crew member ID;name;function
1;John Smith;Pilot
2;Emily Johnson;Co-Pilot
3;Michael Davis;Flight Attendant
4;Alice Brown;Flight Attendant
5;David Wilson;Security Officer
6;Olivia Miller;Pilot
7;Christopher Moore;Co-Pilot
8;Sophia Taylor;Flight Attendant
9;Matthew Anderson;Flight Attendant
10;Emma Martinez;Security Officer
11;Andrew Thomas;Pilot
12;Ava Garcia;Co-Pilot
13;Nicholas Rodriguez;Flight Attendant
14;Mia Smith;Flight Attendant
15;Ethan Davis;Security Officer
16;Isabella Johnson;Pilot
17;Aiden Wilson;Co-Pilot
18;Sophie Miller;Flight Attendant
19;James Brown;Flight Attendant
20;Emily Taylor;Security Officer
21;Benjamin Moore;Pilot
22;Grace Anderson;Co-Pilot
23;Samuel Thomas;Flight Attendant
24;Chloe Martinez;Flight Attendant
25;William Rodriguez;Security Officer
26;Scarlett Smith;Pilot
27;Liam Davis;Co-Pilot
28;Zoe Wilson;Flight Attendant
29;Lucas Brown;Flight Attendant
30;Charlotte Miller;Security Officer
31;Daniel Moore;Pilot
32;Aria Taylor;Co-Pilot
33;Owen Anderson;Flight Attendant
34;Avery Thomas;Flight Attendant
35;Gabriel Martinez;Security Officer
36;Lily Rodriguez;Pilot
37;Carter Smith;Co-Pilot
38;Layla Davis;Flight Attendant
39;Jack Wilson;Flight Attendant
40;Ella Brown;Security Officer
41;Logan Moore;Pilot
42;Aria Taylor;Co-Pilot
43;Grayson Anderson;Flight Attendant
44;Ava Thomas;Flight Attendant
45;Henry Martinez;Security Officer
46;Sophia Smith;Pilot
47;Mason Davis;Co-Pilot
48;Harper Wilson;Flight Attendant
49;Evelyn Brown;Flight Attendant
50;Sebastian Moore;Security Officer
51;Abigail Taylor;Pilot
52;Aiden Anderson;Co-Pilot
53;Emily Thomas;Flight Attendant
54;Matthew Martinez;Flight Attendant
55;Olivia Smith;Security Officer
56;James Davis;Pilot
57;Ava Wilson;Co-Pilot
58;Logan Brown;Flight Attendant
59;Mia Moore;Flight Attendant
60;Jack Taylor;Security Officer
61;Lily Anderson;Pilot
62;Liam Thomas;Co-Pilot
63;Ella Martinez;Flight Attendant
64;Noah Smith;Flight Attendant
65;Sophia Davis;Security Officer
66;Jackson Wilson;Pilot
67;Emma Brown;Co-Pilot
68;Aiden Moore;Flight Attendant
69;Isabella Taylor;Flight Attendant
70;Lucas Anderson;Security Officer
71;Chloe Thomas;Pilot
72;Mason Martinez;Co-Pilot
73;Aria Smith;Flight Attendant
74;Oliver Davis;Flight Attendant
75;Charlotte Wilson;Security Officer
76;Liam Brown;Pilot
77;Sophie Moore;Co-Pilot
78;Logan Taylor;Flight Attendant
79;Ella Anderson;Flight Attendant
80;Noah Thomas;Security Officer
81;Ava Martinez;Pilot
82;Jack Smith;Co-Pilot
83;Lily Davis;Flight Attendant
84;James Wilson;Flight Attendant
85;Sophia Moore;Security Officer
86;Logan Thomas;Pilot
87;Emma Anderson;Co-Pilot
88;Liam Martinez;Flight Attendant
89;Aria Smith;Flight Attendant
90;Mia Davis;Security Officer
91;Oliver Wilson;Pilot
92;Isabella Taylor;Co-Pilot
93;Noah Moore;Flight Attendant
94;Ava Anderson;Flight Attendant
95;Ella Smith;Security Officer
96;Liam Davis;Pilot
97;Sophie Wilson;Co-Pilot
98;James Moore;Flight Attendant
99;Charlotte Thomas;Flight Attendant
100;Mia Martinez;Security Officer
101;Olivia Smith;Pilot
102;Ethan Davis;Co-Pilot
103;Isabella Johnson;Flight Attendant
104;Aiden Wilson;Flight Attendant
105;Sophie Miller;Security Officer
106;James Brown;Pilot
107;Emily Taylor;Co-Pilot
108;Benjamin Moore;Flight Attendant
109;Grace Anderson;Flight Attendant
110;Samuel Thomas;Security Officer
111;Chloe Martinez;Pilot
112;William Rodriguez;Co-Pilot
113;Scarlett Smith;Flight Attendant
114;Liam Davis;Flight Attendant
115;Zoe Wilson;Security Officer
116;Lucas Brown;Pilot
117;Charlotte Miller;Co-Pilot
118;Daniel Moore;Flight Attendant
119;Aria Taylor;Flight Attendant
120;Owen Anderson;Security Officer
121;Avery Thomas;Pilot
122;Gabriel Martinez;Co-Pilot
123;Lily Rodriguez;Flight Attendant
124;Carter Smith;Flight Attendant
125;Layla Davis;Security Officer
126;Jack Wilson;Pilot
127;Ella Brown;Co-Pilot
128;Logan Moore;Flight Attendant
129;Aria Taylor;Flight Attendant
130;Grayson Anderson;Security Officer
131;Ava Thomas;Pilot
132;Henry Martinez;Co-Pilot
133;Sophia Smith;Flight Attendant
134;Mason Davis;Flight Attendant
135;Harper Wilson;Security Officer
136;Evelyn Brown;Pilot
137;Sebastian Moore;Co-Pilot
138;Abigail Taylor;Flight Attendant
139;Aiden Anderson;Flight Attendant
140;Emily Thomas;Security Officer
141;Matthew Martinez;Pilot
142;Olivia Smith;Co-Pilot
143;James Davis;Flight Attendant
144;Ava Wilson;Flight Attendant
145;Logan Brown;Security Officer
146;Mia Moore;Pilot
147;Jack Taylor;Co-Pilot
148;Antero Morgado;Flight Attendant
149;Tiago Loureiro;Flight Attendant
150;Hugo Cruz;Security Officer
151;Lily Anderson;Pilot
152;Liam Thomas;Co-Pilot
153;Ella Martinez;Flight Attendant
154;Noah Smith;Flight Attendant
155;Sophia Davis;Security Officer
156;Jackson Wilson;Pilot
157;Emma Brown;Co-Pilot
158;Aiden Moore;Flight Attendant
159;Isabella Taylor;Flight Attendant
160;Lucas Anderson;Security Officer
161;Chloe Thomas;Pilot
162;Mason Martinez;Co-Pilot
163;Aria Smith;Flight Attendant
164;Oliver Davis;Flight Attendant
165;Charlotte Wilson;Security Officer
166;Liam Brown;Pilot
167;Sophie Moore;Co-Pilot
168;Logan Taylor;Flight Attendant
169;Ella Anderson;Flight Attendant
170;Noah Thomas;Security Officer
171;Ava Martinez;Pilot
172;Jack Smith;Co-Pilot
173;Lily Davis;Flight Attendant
174;James Wilson;Flight Attendant
175;Sophia Moore;Security Officer
176;Logan Thomas;Pilot
177;Emma Anderson;Co-Pilot
178;Liam Martinez;Flight Attendant
179;Aria Smith;Flight Attendant
180;Mia Davis;Security Officer
181;Oliver Wilson;Pilot
182;Isabella Taylor;Co-Pilot
183;Noah Moore;Flight Attendant
184;Ava Anderson;Flight Attendant
185;Ella Smith;Security Officer
186;Liam Davis;Pilot
187;Sophie Wilson;Co-Pilot
188;James Moore;Flight Attendant
189;Charlotte Thomas;Flight Attendant
190;Mia Martinez;Security Officer
191;Lucas Smith;Pilot
192;Olivia Wilson;Co-Pilot
193;Jack Anderson;Flight Attendant
194;Aiden Taylor;Flight Attendant
195;Emily Moore;Security Officer
196;Harper Davis;Pilot
197;Ethan Wilson;Co-Pilot
198;Sophia Anderson;Flight Attendant
199;Logan Martinez;Flight Attendant
200;Avery Thomas;Security Officer
201;Emma Taylor;Pilot
202;Isaac Davis;Co-Pilot
203;Grace Smith;Flight Attendant
204;Lily Brown;Flight Attendant
205;Liam Wilson;Security Officer
206;Noah Anderson;Pilot
207;Aria Moore;Co-Pilot
208;Mia Thomas;Flight Attendant
209;Oliver Garcia;Flight Attendant
210;Chloe Wilson;Security Officer
211;Sophie Brown;Pilot
212;James Martinez;Co-Pilot
213;Ella Taylor;Flight Attendant
214;Lucas Davis;Flight Attendant
215;Olivia Moore;Security Officer
216;Jackson Wilson;Pilot
217;Ava Anderson;Co-Pilot
218;Liam Smith;Flight Attendant
219;Sophia Davis;Flight Attendant
220;Jack Thomas;Security Officer
221;Mia Taylor;Pilot
222;Noah Moore;Co-Pilot
223;Emily Wilson;Flight Attendant
224;Olivia Brown;Flight Attendant
225;Lucas Thomas;Security Officer
226;Avery Moore;Pilot
227;Chloe Davis;Co-Pilot
228;Ella Anderson;Flight Attendant
229;Sebastian Wilson;Flight Attendant
230;Harper Martinez;Security Officer
231;Liam Smith;Pilot
232;Sophia Wilson;Co-Pilot
233;James Davis;Flight Attendant
234;Emily Anderson;Flight Attendant
235;Isabella Moore;Security Officer
236;Logan Brown;Pilot
237;Aiden Taylor;Co-Pilot
238;Mia Smith;Flight Attendant
239;Jack Wilson;Flight Attendant
240;Aria Davis;Security Officer
241;Lucas Thomas;Pilot
242;Olivia Smith;Co-Pilot
243;Ethan Wilson;Flight Attendant
244;Sophie Moore;Flight Attendant
245;James Taylor;Security Officer
246;Emily Anderson;Pilot
247;Ava Wilson;Co-Pilot
248;Logan Moore;Flight Attendant
249;Lily Davis;Flight Attendant
250;Liam Garcia;Security Officer
251;Mia Wilson;Pilot
252;Noah Martinez;Co-Pilot
253;Sophia Brown;Flight Attendant
254;Oliver Taylor;Flight Attendant
255;Aria Smith;Security Officer
256;Isaac Davis;Pilot
257;Emma Moore;Co-Pilot
258;Lucas Taylor;Flight Attendant
259;Ava Wilson;Flight Attendant
260;Olivia Smith;Security Officer
261;Liam Davis;Pilot
262;Sophie Brown;Co-Pilot
263;James Martinez;Flight Attendant
264;Emily Wilson;Flight Attendant
265;Sebastian Moore;Security Officer
266;Chloe Davis;Pilot
267;Ella Anderson;Co-Pilot
268;Harper Martinez;Flight Attendant
269;Lucas Thomas;Flight Attendant
270;Olivia Moore;Security Officer
271;Jack Thomas;Pilot
272;Mia Taylor;Co-Pilot
273;Noah Moore;Flight Attendant
274;Emily Wilson;Flight Attendant
275;Olivia Brown;Security Officer
276;Lucas Thomas;Pilot
277;Sophia Wilson;Co-Pilot
278;James Davis;Flight Attendant
279;Emily Anderson;Flight Attendant
280;Isabella Moore;Security Officer
281;Logan Brown;Pilot
282;Aiden Taylor;Co-Pilot
283;Mia Smith;Flight Attendant
284;Jack Wilson;Flight Attendant
285;Aria Davis;Security Officer
286;Lucas Thomas;Pilot
287;Olivia Smith;Co-Pilot
288;Ethan Wilson;Flight Attendant
289;Sophie Moore;Flight Attendant
290;James Taylor;Security Officer
291;Emily Anderson;Pilot
292;Ava Wilson;Co-Pilot
293;Logan Moore;Flight Attendant
294;Lily Davis;Flight Attendant
295;Liam Garcia;Security Officer
296;Mia Wilson;Pilot
297;Noah Martinez;Co-Pilot
298;Sophia Brown;Flight Attendant
299;Oliver Taylor;Flight Attendant
300;Aria Smith;Security Officer
301;Isaac Davis;Pilot
302;Emma Moore;Co-Pilot
303;Lucas Taylor;Flight Attendant
304;Ava Wilson;Flight Attendant
305;Olivia Smith;Security Officer
306;Liam Davis;Pilot
307;Sophie Brown;Co-Pilot
308;James Martinez;Flight Attendant
309;Emily Wilson;Flight Attendant
310;Sebastian Moore;Security Officer
311;Chloe Davis;Pilot
312;Ella Anderson;Co-Pilot
313;Harper Martinez;Flight Attendant
314;Lucas Thomas;Flight Attendant
315;Olivia Moore;Security Officer
316;Jack Thomas;Pilot
317;Mia Taylor;Co-Pilot
318;Noah Moore;Flight Attendant
319;Emily Wilson;Flight Attendant
320;Olivia Brown;Security Officer
321;Lucas Thomas;Pilot
322;Sophia Wilson;Co-Pilot
323;James Davis;Flight Attendant
324;Emily Anderson;Flight Attendant
325;Isabella Moore;Security Officer
326;Logan Brown;Pilot
327;Aiden Taylor;Co-Pilot
328;Mia Smith;Flight Attendant
329;Jack Wilson;Flight Attendant
330;Aria Davis;Security Officer
331;Lucas Thomas;Pilot
332;Olivia Smith;Co-Pilot
333;Ethan Wilson;Flight Attendant
334;Sophie Moore;Flight Attendant
335;James Taylor;Security Officer
336;Emily Anderson;Pilot
337;Ava Wilson;Co-Pilot
338;Logan Moore;Flight Attendant
339;Lily Davis;Flight Attendant
340;Liam Garcia;Security Officer
341;Mia Wilson;Pilot
342;Noah Martinez;Co-Pilot
343;Sophia Brown;Flight Attendant
344;Oliver Taylor;Flight Attendant
345;Aria Smith;Security Officer
346;Isaac Davis;Pilot
347;Emma Moore;Co-Pilot
348;Lucas Taylor;Flight Attendant
349;Ava Wilson;Flight Attendant
350;Olivia Smith;Security Officer
351;Liam Davis;Pilot
352;Sophie Brown;Co-Pilot
353;James Martinez;Flight Attendant
354;Emily Wilson;Flight Attendant
355;Sebastian Moore;Security Officer
356;Chloe Davis;Pilot
357;Ella Anderson;Co-Pilot
358;Harper Martinez;Flight Attendant
359;Lucas Thomas;Flight Attendant
360;Olivia Moore;Security Officer
361;Jack Thomas;Pilot
362;Mia Taylor;Co-Pilot
363;Noah Moore;Flight Attendant
364;Emily Wilson;Flight Attendant
365;Olivia Brown;Security Officer
366;Oliver Davis;Pilot
367;Charlotte Wilson;Co-Pilot
368;Liam Brown;Flight Attendant
369;Sophie Moore;Flight Attendant
370;Logan Taylor;Security Officer
371;Ella Anderson;Pilot
372;Noah Thomas;Co-Pilot
373;Ava Martinez;Flight Attendant
374;Jack Smith;Flight Attendant
375;Lily Davis;Security Officer
376;James Wilson;Pilot
377;Sophia Moore;Co-Pilot
378;Logan Thomas;Flight Attendant
379;Emma Anderson;Flight Attendant
380;Liam Martinez;Security Officer
381;Aria Smith;Pilot
382;Mia Davis;Co-Pilot
383;Oliver Wilson;Flight Attendant
384;Isabella Taylor;Flight Attendant
385;Noah Moore;Security Officer
386;Ava Anderson;Pilot
387;Ella Smith;Co-Pilot
388;Liam Davis;Flight Attendant
389;Sophie Wilson;Flight Attendant
390;James Moore;Security Officer
391;Charlotte Thomas;Pilot
392;Mia Martinez;Co-Pilot
393;Olivia Smith;Flight Attendant
394;Ethan Davis;Flight Attendant
395;Isabella Johnson;Security Officer
396;Aiden Wilson;Pilot
397;Sophie Miller;Co-Pilot
398;James Brown;Flight Attendant
399;Emily Taylor;Flight Attendant
400;Benjamin Moore;Security Officer
401;Grace Anderson;Pilot
402;Samuel Thomas;Co-Pilot
403;Chloe Martinez;Flight Attendant
404;William Rodriguez;Flight Attendant
405;Scarlett Smith;Security Officer
406;Liam Davis;Pilot
407;Zoe Wilson;Co-Pilot
408;Lucas Brown;Flight Attendant
409;Charlotte Miller;Flight Attendant
410;Daniel Moore;Security Officer
411;Aria Taylor;Pilot
412;Owen Anderson;Co-Pilot
413;Avery Thomas;Flight Attendant
414;Gabriel Martinez;Flight Attendant
415;Lily Rodriguez;Security Officer
416;Carter Smith;Pilot
417;Layla Davis;Co-Pilot
418;Jack Wilson;Flight Attendant
419;Ella Brown;Flight Attendant
420;Logan Moore;Security Officer
421;Aria Taylor;Pilot
422;Grayson Anderson;Co-Pilot
423;Ava Thomas;Flight Attendant
424;Henry Martinez;Flight Attendant
425;Sophia Smith;Security Officer
426;Olivia Smith;Pilot
427;Ethan Davis;Co-Pilot
428;Isabella Johnson;Flight Attendant
429;Aiden Wilson;Flight Attendant
430;Sophie Miller;Security Officer
431;James Brown;Pilot
432;Emily Taylor;Co-Pilot
433;Benjamin Moore;Flight Attendant
434;Grace Anderson;Flight Attendant
435;Samuel Thomas;Security Officer
436;Chloe Martinez;Pilot
437;William Rodriguez;Co-Pilot
438;Scarlett Smith;Flight Attendant
439;Liam Davis;Flight Attendant
440;Zoe Wilson;Security Officer
441;Lucas Brown;Pilot
442;Charlotte Miller;Co-Pilot
443;Daniel Moore;Flight Attendant
444;Aria Taylor;Flight Attendant
445;Owen Anderson;Security Officer
446;Avery Thomas;Pilot
447;Gabriel Martinez;Co-Pilot
448;Lily Rodriguez;Flight Attendant
449;Carter Smith;Flight Attendant
450;Layla Davis;Security Officer
451;Jack Wilson;Pilot
452;Ella Brown;Co-Pilot
453;Logan Moore;Flight Attendant
454;Aria Taylor;Flight Attendant
455;Grayson Anderson;Security Officer
456;Ava Thomas;Pilot
457;Henry Martinez;Co-Pilot
458;Sophia Smith;Flight Attendant
459;Mason Davis;Flight Attendant
460;Harper Wilson;Security Officer
461;Evelyn Brown;Pilot
462;Sebastian Moore;Co-Pilot
463;Abigail Taylor;Flight Attendant
464;Aiden Anderson;Flight Attendant
465;Emily Thomas;Security Officer
466;Matthew Martinez;Pilot
467;Olivia Smith;Co-Pilot
468;James Davis;Flight Attendant
469;Ava Wilson;Flight Attendant
470;Logan Brown;Security Officer
471;Mia Moore;Pilot
472;Jack Taylor;Co-Pilot
473;Lily Anderson;Flight Attendant
474;Liam Thomas;Flight Attendant
475;Ella Martinez;Security Officer
476;Noah Smith;Pilot
477;Sophia Davis;Co-Pilot
478;Jackson Wilson;Flight Attendant
479;Emma Brown;Flight Attendant
480;Liam Davis;Security Officer
481;Zoe Wilson;Pilot
482;Lucas Brown;Co-Pilot
483;Charlotte Miller;Flight Attendant
484;Daniel Moore;Flight Attendant
485;Aria Taylor;Security Officer
486;Owen Anderson;Pilot
487;Avery Thomas;Co-Pilot
488;Gabriel Martinez;Flight Attendant
489;Lily Rodriguez;Flight Attendant
490;Carter Smith;Security Officer
491;Layla Davis;Pilot
492;Jack Wilson;Co-Pilot
493;Ella Brown;Flight Attendant
494;Logan Moore;Flight Attendant
495;Aria Taylor;Security Officer
496;Grayson Anderson;Pilot
497;Ava Thomas;Co-Pilot
498;Henry Martinez;Flight Attendant
499;Sophia Smith;Flight Attendant
500;Mason Davis;Security Officer
501;Harper Wilson;Pilot
502;Evelyn Brown;Co-Pilot
503;Sebastian Moore;Flight Attendant
504;Abigail Taylor;Flight Attendant
505;Aiden Anderson;Security Officer
506;Emily Thomas;Pilot
507;Matthew Martinez;Co-Pilot
508;Olivia Smith;Flight Attendant
509;James Davis;Flight Attendant
510;Ava Wilson;Security Officer
511;Logan Brown;Pilot
512;Mia Moore;Co-Pilot
513;Jack Taylor;Flight Attendant
514;Lily Anderson;Flight Attendant
515;Liam Thomas;Security Officer
516;Ella Martinez;Pilot
517;Noah Smith;Co-Pilot
518;Sophia Davis;Flight Attendant
519;Jackson Wilson;Flight Attendant
520;Emma Brown;Security Officer
521;Liam Davis;Pilot
522;Zoe Wilson;Co-Pilot
523;Lucas Brown;Flight Attendant
524;Charlotte Miller;Flight Attendant
525;Daniel Moore;Security Officer
526;Aria Taylor;Pilot
527;Owen Anderson;Co-Pilot
528;Avery Thomas;Flight Attendant
529;Gabriel Martinez;Flight Attendant
530;Lily Rodriguez;Security Officer
531;Carter Smith;Pilot
532;Layla Davis;Co-Pilot
533;Jack Wilson;Flight Attendant
534;Ella Brown;Flight Attendant
535;Logan Moore;Security Officer
536;Aria Taylor;Pilot
537;Grayson Anderson;Co-Pilot
538;Ava Thomas;Flight Attendant
539;Henry Martinez;Flight Attendant
540;Sophia Smith;Security Officer
541;Mason Davis;Pilot
542;Harper Wilson;Co-Pilot
543;Evelyn Brown;Flight Attendant
544;Sebastian Moore;Flight Attendant
545;Abigail Taylor;Security Officer
546;Aiden Anderson;Pilot
547;Emily Thomas;Co-Pilot
548;Matthew Martinez;Flight Attendant
549;Olivia Smith;Flight Attendant
550;James Davis;Security Officer
551;Ava Wilson;Pilot
552;Logan Brown;Co-Pilot
553;Mia Moore;Flight Attendant
554;Jack Taylor;Flight Attendant
555;Lily Anderson;Security Officer
556;Liam Thomas;Pilot
557;Ella Martinez;Co-Pilot
558;Noah Smith;Flight Attendant
559;Sophia Davis;Flight Attendant
560;Jackson Wilson;Security Officer
561;Emma Brown;Pilot
562;Liam Davis;Co-Pilot
563;Zoe Wilson;Flight Attendant
564;Lucas Brown;Flight Attendant
565;Charlotte Miller;Security Officer
566;Daniel Moore;Pilot
567;Aria Taylor;Co-Pilot
568;Owen Anderson;Flight Attendant
569;Avery Thomas;Flight Attendant
570;Gabriel Martinez;Security Officer
571;Lily Rodriguez;Pilot
572;Carter Smith;Co-Pilot
573;Layla Davis;Flight Attendant
574;Jack Wilson;Flight Attendant
575;Ella Brown;Security Officer
576;Logan Moore;Pilot
577;Aria Taylor;Co-Pilot
578;Grayson Anderson;Flight Attendant
579;Ava Thomas;Flight Attendant
580;Henry Martinez;Security Officer
581;Sophia Smith;Pilot
582;Mason Davis;Co-Pilot
583;Harper Wilson;Flight Attendant
584;Evelyn Brown;Flight Attendant
585;Sebastian Moore;Security Officer
586;Abigail Taylor;Pilot
587;Aiden Anderson;Co-Pilot
588;Emily Thomas;Flight Attendant
589;Matthew Martinez;Flight Attendant
590;Olivia Smith;Security Officer
591;James Davis;Pilot
592;Ava Wilson;Co-Pilot
593;Logan Brown;Flight Attendant
594;Mia Moore;Flight Attendant
595;Jack Taylor;Security Officer
596;Lily Anderson;Pilot
597;Liam Thomas;Co-Pilot
598;Ella Martinez;Flight Attendant
599;Noah Smith;Flight Attendant
600;Sophia Davis;Security Officer
601;Jackson Wilson;Pilot
602;Emma Brown;Co-Pilot
603;Liam Davis;Flight Attendant
604;Zoe Wilson;Flight Attendant
605;Lucas Brown;Security Officer
606;Charlotte Miller;Pilot
607;Daniel Moore;Co-Pilot
608;Aria Taylor;Flight Attendant
609;Owen Anderson;Flight Attendant
610;Avery Thomas;Security Officer
611;Gabriel Martinez;Pilot
612;Lily Rodriguez;Co-Pilot
613;Carter Smith;Flight Attendant
614;Layla Davis;Flight Attendant
615;Jack Wilson;Security Officer
616;Ella Brown;Pilot
617;Logan Moore;Co-Pilot
618;Aria Taylor;Flight Attendant
619;Grayson Anderson;Flight Attendant
620;Ava Thomas;Security Officer
621;Henry Martinez;Pilot
622;Sophia Smith;Co-Pilot
623;Mason Davis;Flight Attendant
624;Harper Wilson;Flight Attendant
625;Evelyn Brown;Security Officer
626;Sebastian Moore;Pilot
627;Abigail Taylor;Co-Pilot
628;Aiden Anderson;Flight Attendant
629;Emily Thomas;Flight Attendant
630;Matthew Martinez;Security Officer
631;Olivia Smith;Pilot
632;James Davis;Co-Pilot
633;Ava Wilson;Flight Attendant
634;Logan Brown;Flight Attendant
635;Mia Moore;Security Officer
636;Jack Taylor;Pilot
637;Lily Anderson;Co-Pilot
638;Liam Thomas;Flight Attendant
639;Ella Martinez;Flight Attendant
640;Noah Smith;Security Officer
641;Sophia Davis;Pilot
642;Jackson Wilson;Co-Pilot
643;Emma Brown;Flight Attendant
644;Liam Davis;Flight Attendant
645;Zoe Wilson;Security Officer
646;Lucas Brown;Pilot
647;Charlotte Miller;Co-Pilot
648;Daniel Moore;Flight Attendant
649;Aria Taylor;Flight Attendant
650;Owen Anderson;Security Officer
651;Avery Thomas;Pilot
652;Gabriel Martinez;Co-Pilot
653;Lily Rodriguez;Flight Attendant
654;Carter Smith;Flight Attendant
655;Layla Davis;Security Officer
656;Jack Wilson;Pilot
657;Ella Brown;Co-Pilot
658;Logan Moore;Flight Attendant
659;Aria Taylor;Flight Attendant
660;Grayson Anderson;Security Officer
661;Ava Thomas;Pilot
662;Henry Martinez;Co-Pilot
663;Sophia Smith;Flight Attendant
664;Mason Davis;Flight Attendant
665;Harper Wilson;Security Officer
666;Evelyn Brown;Pilot
667;Sebastian Moore;Co-Pilot
668;Abigail Taylor;Flight Attendant
669;Aiden Anderson;Flight Attendant
670;Emily Thomas;Security Officer
671;Matthew Martinez;Pilot
672;Olivia Smith;Co-Pilot
673;James Davis;Flight Attendant
674;Ava Wilson;Flight Attendant
675;Logan Brown;Security Officer
676;Mia Moore;Pilot
677;Jack Taylor;Co-Pilot
678;Lily Anderson;Flight Attendant
679;Liam Thomas;Flight Attendant
680;Ella Martinez;Security Officer
681;Noah Smith;Pilot
682;Sophia Davis;Co-Pilot
683;Jackson Wilson;Flight Attendant
684;Emma Brown;Flight Attendant
685;Liam Davis;Security Officer
686;Zoe Wilson;Pilot
687;Lucas Brown;Co-Pilot
688;Charlotte Miller;Flight Attendant
689;Daniel Moore;Flight Attendant
690;Aria Taylor;Security Officer
691;Owen Anderson;Pilot
692;Avery Thomas;Co-Pilot
693;Gabriel Martinez;Flight Attendant
694;Lily Rodriguez;Flight Attendant
695;Carter Smith;Security Officer
696;Layla Davis;Pilot
697;Jack Wilson;Co-Pilot
698;Ella Brown;Flight Attendant
699;Logan Moore;Flight Attendant
700;Aria Taylor;Security Officer
701;Grayson Anderson;Pilot
702;Ava Thomas;Co-Pilot
703;Henry Martinez;Flight Attendant
704;Sophia Smith;Flight Attendant
705;Mason Davis;Security Officer
706;Harper Wilson;Pilot
707;Evelyn Brown;Co-Pilot
708;Sebastian Moore;Flight Attendant
709;Abigail Taylor;Flight Attendant
710;Aiden Anderson;Security Officer
711;Emily Thomas;Pilot
712;Matthew Martinez;Co-Pilot
713;Olivia Smith;Flight Attendant
714;Abigail Taylor;Flight Attendant
715;Aiden Anderson;Security Officer
716;Emily Thomas;Pilot
717;Matthew Martinez;Co-Pilot
718;Olivia Smith;Flight Attendant
719;James Davis;Flight Attendant
720;Ava Wilson;Security Officer
721;Logan Brown;Pilot
722;Mia Moore;Co-Pilot
723;Jack Taylor;Flight Attendant
724;Lily Anderson;Flight Attendant
725;Liam Thomas;Security Officer
726;Ella Martinez;Pilot
727;Noah Smith;Co-Pilot
728;Sophia Davis;Flight Attendant
729;Jackson Wilson;Flight Attendant
730;Emma Brown;Security Officer
731;Liam Davis;Pilot
732;Zoe Wilson;Co-Pilot
733;Lucas Brown;Flight Attendant
734;Charlotte Miller;Flight Attendant
735;Daniel Moore;Security Officer
736;Aria Taylor;Pilot
737;Owen Anderson;Co-Pilot
738;Avery Thomas;Flight Attendant
